序号,名称,统计编号
1,杭州汇点网络科技有限公司,20133301000662 
2,浙江杭州赛诺捷节能科技有限公司,2014010551 
3,杭州消防设备有限公司,201001020 
4,浙江荣锦科技有限公司,20133301000835 
5,杭州宝牛科技有限公司,20163301001124 
6,杭州洞见科技有限公司,20173301000777 
7,杭州润泽动漫有限公司,20173301000238 
8,杭州一骑绝尘科技有限公司,20183301001565 
9,杭州鲁尔物联科技有限公司,20143301000517 
10,杭州泰诺电子科技有限公司,2015010574 
11,杭州劲力节能科技有限公司,20133301000674 
12,杭州新邮路网络技术有限公司,20183301000234 
13,杭州矽瑞电子科技有限公司,20133301000776 
14,杭州新中大项目管理技术有限公司,201002026 
15,杭州炫阳科技有限公司,20163301001352 
16,杭州安杰思生物科技有限公司,20153301000507 
17,杭州淘园易网络科技有限公司,20173301001165 
18,杭州赛昂软件科技有限公司,20183301001477 
19,杭州兴畅网络科技有限公司,20183301000701 
20,杭州捷点广告有限公司,2015010585 
21,杭州广桥集客网络技术有限公司,20153301000479 
22,杭州绿领网络科技有限公司,20163301001729 
23,杭州浩通仪器仪表有限公司,2015010650 
24,杭州趣吧科技有限公司,20163301001310 
25,杭州金密钢带有限公司,20163301001759 
26,杭州锦桥科技有限公司,20183301000527 
27,杭州步长科技有限公司,20173301000786 
28,杭州伊索弗科技有限公司,20173301000024 
29,杭州乐刻网络技术有限公司,20173301000806 
30,杭州复强交通科技有限公司,20173301000753 
31,杭州灵彩科技有限公司,2015010618 
32,杭州吾动网络技术有限公司,20153301000665 
33,杭州葆瑞生物科技有限公司,20163301000333 
34,杭州拓荒者软件技术有限公司,20163301001604 
35,杭州腾瑞电气有限公司,2013010752 
36,杭州阡陌棠生物科技有限公司,20183301001898 
37,杭州晶百检测技术有限公司,20163301001189 
38,杭州国汇科技有限公司,2014010379 
39,杭州久良科技有限公司,201201050 
40,杭州艺睿教育咨询有限公司,2014010540 
41,杭州欧源健康管理股份有限公司,2015010643 
42,浙江谐平科技股份有限公司,201002031 
43,杭州英索文化创意有限公司,20173301000801 
44,杭州中为光电技术股份有限公司,20133301000812 
45,杭州破晓网络科技有限公司,20143301000520 
46,杭州镭克镨光电技术有限公司,2015010617 
47,浙江安必行物联网科技有限公司,20153301000497 
48,浙江海胜通信技术有限公司,20163301001598 
49,杭州国为生物科技有限公司,20143301000501 
50,杭州江河水电科技有限公司,2013010669 
51,杭州派臣医药科技有限公司,20143301000415 
52,浙江进取科技有限公司,2015010592 
53,浙江答分奇网络科技有限公司,20173301000782 
54,杭州五仁网络科技有限公司,20163301001111 
55,杭州瑞诚仪器有限公司,2015010682 
56,杭州易能控制工程有限公司,20123301001057 
57,杭州荣丰文化创意有限公司,2015010467 
58,杭州百珂博科技有限公司,20143301000494 
59,杭州腾腾科技有限公司,2014010530 
60,杭州驷铃铃网络科技有限公司,201001013 
61,杭州杭途科技有限公司,20143301000381 
62,杭州游趣网络有限公司,2014010463 
63,杭州杰德科技有限公司,20093301001040 
64,浙江云开亚美医药科技股份有限公司,20163301001738 
65,杭州互天网络技术有限公司,2015010637 
66,杭州天净检测技术有限公司,20173301000038 
67,杭州寰宸科技有限公司,2015010437 
68,杭州禾舜科技有限公司,20173301001166 
69,杭州乐卡麦尔工业设计有限公司,2014010406 
70,杭州略胜进出口有限公司,20163301001100 
71,浙江汤氏供应链管理有限公司,20183301001900 
72,杭州冠储软件有限公司,2015010651 
73,杭州联云汽车科技有限公司,20153301000528 
74,浙江海舟船舶制造有限公司,2014010485 
75,杭州行我行网络有限公司,20143301000536 
76,杭州嘉拓科技有限公司,20133301000013 
77,杭州妥爱沐生物科技有限公司,2015010538 
78,浙江南德电气有限公司,2014010413 
79,杭州启博科技有限公司,20133301000717 
80,杭州菱能自动化设备有限公司,2015010659 
81,杭州藕根科技有限公司,2015010676 
82,杭州青芒工业设计有限公司,20163301001772 
83,杭州泛腾科技有限公司,20153301000440 
84,杭州赛东科技有限公司 ,20173301000228 
85,杭州圣豆士生物科技有限公司,20173301000762 
86,杭州金兰达新能源科技有限公司,2014010510 
87,杭州兔小伍文化创意有限公司,20163301000386 
88,杭州天净检测技术有限公司,2015010435 
89,杭州米加科技有限公司,20163301001707 
90,浙江中软信息工程有限公司,200501014 
91,浙江安地建筑设计有限公司,201201023 
92,杭州灵易利自动化技术有限公司,2015010420 
93,杭州御茶村茶业有限公司,20163301001217 
94,杭州湾云计算技术有限公司,2013010759 
95,杭州恒洋科技有限公司,20153301000513 
96,杭州鹏涛科技有限公司,2013010712 
97,浙江安地建筑规划设计有限公司,2015010619 
98,杭州卓龙网络科技有限公司,2015010686 
99,杭州蓝山环保科技有限公司,20173301000052 
100,杭州慕青鱼头人文化艺术有限公司,20163301001771 
101,杭州九煌通信技术有限公司,2015010605 
102,杭州克柔姆色谱科技有限公司,20133301000014 
103,杭州象链网络技术有限公司,20173301000035 
104,杭州广岱科技有限公司,2015010687 
105,杭州钧正科技有限公司,2015010671 
106,杭州科讯数码技术有限公司,200501012 
107,浙江荣威信息技术有限公司,201201042 
108,杭州转影科技有限公司,20143301000474 
109,杭州睐旭信息科技有限公司,20163301001198 
110,杭州乐邦科技有限公司,201201063 
111,浙江云检科技有限公司,20163301001098 
112,杭州三江轴承有限公司,201201055 
113,杭州星光电力建设有限公司,2015010607 
114,杭州诺成自动化系统工程有限公司,20133301000709 
115,杭州仁润科技有限公司,2015010572 
116,浙江万企动力教育科技有限公司,2014010554 
117,杭州汇文教育咨询有限公司,2013010664 
118,杭州魔品科技有限公司,20153301000580 
119,杭州贝劢科技有限公司,2013010617 
120,杭州泽泉生物科技有限公司,2014010468 
121,杭州考通网络科技有限公司,2015010606 
122,杭州斯玛特维科技有限公司,2015010649 
123,杭州倍丽光电技术有限公司,200901026 
124,杭州澳普斯农业机械有限公司,20163301001104 
125,杭州萝卜圈网络技术有限公司,2013010697 
126,杭州天腾环境艺术有限公司,201002027 
127,杭州欧彩光电科技有限公司,201201061 
128,杭州嘉云数据科技有限公司,20183301000937 
129,浙江艾摩柯斯环境科技有限公司,20153301000542 
130,杭州时趣信息技术有限公司,20143301000428 
131,浙江顶峰技术服务有限公司,201201065 
132,杭州大井头数字科技有限公司,20143301000365 
133,杭州仙踪网络科技有限公司,2014010535 
134,杭州邦银电子商务有限公司,2015010470 
135,杭州格训科技有限公司,2013010642 
136,杭州艾科宁环境技术有限公司,2015010677 
137,杭州跬灵科技有限公司,2015010526 
138,杭州云生雾岑科技有限公司,20143301000465 
139,杭州创业互联科技有限公司,2015010632 
140,杭州顺泽生物技术有限公司,2013010742 
141,浙江核聚智能技术有限公司,20183301000067 
142,杭州虹谱光电科技有限公司,2013010015 
143,杭州华测瑞欧科技有限公司,20153301000582 
144,杭州航夏科技有限公司,20173301000285 
145,杭州恩牛网络技术有限公司,2015010563 
146,杭州酷仓宝科技有限公司,20153301000442 
147,杭州鲁控水务工程有限公司,20183301000026 
148,杭州柏拉图科技有限公司,2015010672 
149,杭州中喜环保技术有限公司,2014010549 
150,杭州威佩网络科技有限公司,20173301001103 
151,杭州端点网络科技有限公司,20143301000370 
152,杭州膳良生态农业技术有限公司,2014010425 
153,杭州安啊安防科技有限公司,20153301000681 
154,浙江鼎顶科技有限公司,2015010597 
155,杭州三众软件技术有限公司,200901029 
156,杭州鹰驰文化创意有限公司,20173301000278 
157,杭州护童科技有限公司,20163301001706 
158,杭州浩旷科技有限公司,2015010642 
159,杭州智慧给排水工程有限公司,2015010692 
160,杭州昌能电力科技有限公司,20153301000575 
161,杭州莱仙生物科技股份有限公司,20163301001690 
162,浙江绿治污泥处理技术有限公司,20133301000829 
163,杭州网鼎科技有限公司,2015010678 
164,杭州国正检测技术有限公司,20143301000502 
165,浙江视科文化传播有限公司,2015010408 
166,杭州安耐杰科技有限公司,20103301001015 
167,杭州品购电子商务有限公司,2015010628 
168,杭州顺联科技有限公司,2014010430 
169,杭州乾程弘泰电力科技有限公司,2014010521 
170,杭州步步为赢教育科技有限公司,2013010619 
171,杭州孝行文化创意有限公司,2015010679 
172,数源久融技术有限公司,2014010479 
173,杭州墨风科技有限公司,20183301000107 
174,杭州华诺科技开发有限公司,200802054 
175,杭州制高媒体科技有限公司,20123301001041 
176,杭州蓝融科技有限公司,20143301000402 
177,杭州恩迪照明科技有限公司,2013010634 
178,杭州浩道生物科技有限公司,2015010524 
179,杭州赛恩生物技术有限公司,2013010727 
180,杭州晴云科技有限公司,2015010412 
181,杭州兑吧网络科技有限公司,2015010544 
182,杭州新纽科技有限公司,2015010460 
183,杭州开三电子商务有限公司,2014010514 
184,杭州云众电力科技有限公司,2014010466 
185,杭州昕磊电子技术有限公司,20143301000451 
186,杭州逢缘科技有限公司,2015010447 
187,杭州铭展网络科技有限公司,20133301000705 
188,杭州追灿科技有限公司,2013010815 
189,杭州伍善网络科技有限公司,20143301000446 
190,杭州民天环保技术研究所有限公司,201201049 
191,杭州修思仪器有限公司,2014010453 
192,杭州宝沃电气设备有限公司,20153301000503 
193,杭州青蜂网络科技有限公司,20173301001177 
194,杭州勒卡斯广告策划有限公司,2014010407 
195,杭州嘎古网络科技有限公司,2013010638 
196,杭州志远科技有限公司,201002019 
197,杭州正澄洁环保科技有限公司,20163301001720 
198,浙江华盈传媒有限公司,2015010625 
199,艾森生物（杭州）有限公司,20083301002026 
200,杭州陶钩科技有限公司,2015010436 
201,杭州人马座科技有限公司,20183301001498 
202,杭州茹强科技有限公司,2015010685 
203,杭州蒙诺科技有限公司,2014010410 
204,杭州银江智能设备有限公司,200802095 
205,杭州掌家科技有限公司,20163301001733 
206,杭州三杭蒙特费罗电梯部件有限公司,200901030 
207,杭州微铜科技有限公司,20163301000388 
208,杭州橙谷科技有限公司,20173301001284 
209,杭州易和互联软件技术有限公司,2013010790 
210,杭州轩剑科技有限公司,2015010577 
211,杭州直面网络科技有限公司,2013010808 
212,杭州乐控科技有限公司,2013010692 
213,杭州爱名网络有限公司,2013010606 
214,杭州晶格科学仪器有限公司,200802062 
215,杭州谷禾信息技术有限公司,20133301000644 
216,杭州萃元教育科技有限公司,20173301001259 
217,浙江东南建筑设计有限公司 ,20183301000429 
218,杭州青青实业有限公司,201201033 
219,杭州海阔橡塑制品有限公司,20163301001083 
220,杭州捷尚智能交通技术有限公司,2013010672 
221,杭州彩家网络科技有限公司,20163301001736 
222,浙江动发能源科技有限公司,2013010822 
223,浙江美浓涂料有限公司,2015010630 
224,杭州华诺科技开发有限公司,2015010633 
225,杭州泽大仪器有限公司,201201045 
226,杭州淳敏软件技术有限公司,20163301000334 
227,杭州上兆科技有限公司,2015010535 
228,杭州弗里德科技有限公司,2015010461 
229,杭州造物科技有限公司,20153301000451 
230,杭州双江工具制造有限公司,20183301001240 
231,杭州良展建筑科技有限公司,20153301000529 
232,杭州汉卓机电科技有限公司,2015010522 
233,杭州嗅嗅科技有限公司,20163301000343 
234,杭州翱朝科技有限公司,2015010634 
235,杭州皮秒科技有限公司,2015010419 
236,浙江保融科技有限公司,20143301000481 
237,杭州诚一文化创意有限公司,20163301000353 
238,浙江小融网络科技股份有限公司,20163301001214 
239,杭州真趣网络科技有限公司,2014010546 
240,杭州学乐网络技术有限公司,2013010787 
241,杭州博麦医药科技有限公司,2014010497 
242,杭州一语网络科技有限公司,20183301000681 
243,杭州瑞赛普特生物科技有限公司,2015010427 
244,杭州蜗牛网络科技有限公司,20163301001109 
245,杭州瑞析科技有限公司,2013010724 
246,杭州纽蓝科技有限公司,20153301000584 
247,杭州新华数码科技有限公司,200901027 
248,杭州天梦科技有限公司,20153301000693 
249,爱财科技有限公司,20163301000976 
250,杭州图一科技有限公司,20173301000773 
251,杭州音淘网络科技有限公司,20163301000828 
252,杭州中康信息科技有限公司,20133301000811 
253,杭州华电双良节能技术有限公司,20153301000514 
254,浙江凯池电子科技有限公司,20183301000987 
255,浙江乾贞环境科技有限公司,20173301000618 
256,杭州民安生物科技有限公司,2015010530 
257,杭州沃友科技有限公司,2013010769 
258,杭州瑞维奥科技有限公司,2015010434 
259,浙江携银在线网络科技有限公司,2015010586 
260,浙江紫荆生物技术有限公司,2013010843 
261,杭州申昊信息科技有限公司,200802077 
262,杭州坤时自动化系统有限公司,20163301001682 
263,杭州煎饼网络技术有限公司,20173301000420 
264,杭州合创超声波科技有限公司,2015010683 
265,杭州每日科技有限公司,201002017 
266,杭州迪源电气科技有限公司,2013010626 
267,浙江电化教育发展公司,201201062 
268,浙江腾保网络科技有限公司,20173301000760 
269,杭州百洁电力科技有限公司,2015010648 
270,杭州攀峰环保科技有限公司,20153301000531 
271,杭州耀图科技有限公司,2014010455 
272,杭州依图医疗技术有限公司,20183301000935 
273,杭州鹏泰电力设计咨询有限公司,20153301000532 
274,杭州华朗实验设备有限公司,20153301000504 
275,杭州扬拓科技有限公司,2014010539 
276,杭州烙印信息技术有限公司,20173301001295 
277,浙江雄猫软件开发有限公司,20153301000485 
278,杭州瑞亮科技有限公司,2013010722 
279,杭州云造科技有限公司,2015010501 
280,杭州奔流科技有限公司,2015010421 
281,浙江沛宏网络科技有限公司,20173301001257 
282,杭州三云科技有限公司,20143301000423 
283,杭州虚之实科技有限公司,20163301001112 
284,杭州希玛诺光电技术有限公司,2015010557 
285,浙江胜握信息科技有限公司,2014010553 
286,杭州艾诺电子科技有限公司,20153301000611 
287,杭州一氪科技有限公司,20153301000484 
288,杭州优拓文化创意有限公司,20183301001768 
289,杭州泰捷科技有限公司,2014010434 
290,浙江碳谷上希材料科技有限公司,20153301000431 
291,杭州明瑞节能科技有限公司,20173301001523 
292,杭州佳谷数控技术有限公司,20133301000668 
293,杭州祺纳新材料科技有限公司,20153301000432 
294,杭州郎洲环保工程有限公司,2014010403 
295,杭州银河通信技术有限公司,2014010461 
296,杭州望天树网络科技有限公司,2013010762 
297,浙江开创环保科技有限公司,2013010828 
298,杭州迅捷生物技术有限公司,20153301000428 
299,杭州爱容视信息技术有限公司,2015010448 
300,杭州开锐电子电气有限公司,2013010686 
301,杭州尚能科技有限公司,20123301001052 
302,美通日用品（杭州）有限公司,200901034 
303,杭州佐格通信设备有限公司,2015010608 
304,杭州彩拓网络信息技术有限公司,200901035 
305,杭州风途科技有限公司,2015010673 
306,杭州天尊信息技术有限公司,20133301000755 
307,杭州中安环境检测有限公司,20173301001658 
308,杭州车乐通汇科技有限公司,20143301000499 
309,浙江聚趣网络科技有限公司,2015010481 
310,杭州速狗信息科技有限公司,20163301001763 
311,杭州玄能科技有限公司,2014010537 
312,杭州净洋环保科技有限公司,2013010678 
313,杭州浩道生物科技有限公司,2014010505 
314,杭州军动科技有限公司,20143301000513 
315,杭州康德软件开发有限公司,200901025 
316,杭州重构科技有限公司,20173301001289 
317,杭州圣代网络科技有限公司,2014010527 
318,杭州昱朗机械科技有限公司,2014010464 
319,杭州妥爱沐生物科技有限公司,20143301000443 
320,浙江创盈光电有限公司,20133301000820 
321,杭州和悦网络有限公司,201201030 
322,杭州小码教育科技有限公司,20173301000334 
323,杭州华政新能源科技有限公司,20173301000794 
324,杭州淡妆浓抹影视文化有限公司,2015010426 
325,浙江远图互联科技股份有限公司,20163301000358 
326,杭州河口水利科技有限公司,20173301000356 
327,杭州东达液压制造有限公司,2014010368 
328,杭州膳良生态农业技术有限公司,20153301000534 
329,杭州晏睿环境科技有限公司,20163301001201 
330,杭州喵隐科技有限公司,20163301000376 
331,杭州华新科技有限公司,20183301000547 
332,浙江富城科技发展有限公司,2014010484 
333,杭州九言科技有限公司,20133301000680 
334,杭州辉煌文化传播有限公司,200901043 
335,杭州泰富龙新型建筑材料有限公司,20103301002023 
336,杭州知略科技有限公司,20183301000318 
337,杭州东方盈动信息技术有限公司,200802041 
338,杭州番润自动化科技有限公司,2015010518 
339,杭州片刻网络科技有限公司,20163301001746 
340,杭州皇尚科技有限责任公司,2013010660 
341,浙江方大智控科技有限公司,2014010483 
342,杭州奥达化纤有限公司,20163301000355 
343,杭州维艾科技有限公司,200604098 
344,杭州图特信息科技有限公司,2014010531 
345,杭州鑫高科技有限公司,201201024 
346,杭州同万物联网科技有限公司,2014010441 
347,浙江久正工程检测有限公司,2015010561 
348,杭州之江创意园开发有限公司,20183301000970 
349,杭州牧歌实业有限公司,2015010691 
350,浙江游宇集智能科技有限公司,20173301001174 
351,杭州金式麦生物科技有限公司,2015010525 
352,杭州森香生态科技有限公司,20143301000424 
353,杭州茂秀科技有限公司,2014010409 
354,杭州落英网络科技有限公司,20163301001474 
355,杭州钛比科技有限公司,20143301000433 
356,杭州蓝融科技有限公司,2013010691 
357,杭州万乐极信息技术服务有限公司,20153301000487 
358,杭州普伦德科技有限公司,2015010656 
359,杭州一帆船舶设备技术有限公司,2013010789 
360,杭州随行网络信息服务有限公司,2014010431 
361,杭州诺津科技有限公司,20163301001724 
362,杭州汉克斯隔音技术工程有限公司,20173301000599 
363,杭州上兆科技有限公司,20143301000426 
364,杭州莱宸科技有限公司,2015010571 
365,杭州霍夫电力自动化设备有限公司,20153301000406 
366,杭州尚维科技有限公司,20123301001037 
367,杭州瑞江化工有限公司,2015010600 
368,杭州碳诺能源科技有限公司,2013010750 
369,杭州卓安自动化控制设备有限公司,2014010476 
370,杭州卷瓜网络有限公司,20143301000396 
371,杭州安邦农业生物科技有限公司,2015010669 
372,杭州万维镜像科技有限公司,20183301000069 
373,杭州建友工程咨询有限公司,20143301000387 
374,杭州易富科技有限公司,200604087 
375,杭州子曼科技有限公司,20143301000477 
376,杭州森奈科技有限公司,2013010730 
377,杭州朗道科技有限公司,2015010694 
378,杭州君道网络科技有限公司,2015010658 
379,杭州微链科技有限公司,2015010444 
380,杭州求本植物科技有限公司,20143301000421 
381,杭州匠物网络科技有限公司,20153301000498 
382,杭州光魔多媒体科技有限公司,2013010646 
383,杭州房途信息科技有限公司,2014010374 
384,浙江莎啦啦科技有限公司,20183301000155 
385,杭州微拍堂文化创意有限公司,20163301001398 
386,杭州晋鼎信环保科技有限公司,2015010404 
387,杭州新澳唯科技有限公司,2015010662 
388,杭州森香生态科技有限公司,20153301000533 
389,杭州东特电子商务有限公司,2013010631 
390,杭州顺治网络科技有限公司,201201034 
391,杭州帕萨旺物联网科技有限公司,2014010519 
392,杭州腾瑞电气有限公司,20143301000437 
393,浙江爵越文化创意有限公司,20173301001518 
394,杭州唐古信息科技有限公司,20173301000050 
395,杭州骏杨明科技有限公司,2015010549 
396,杭州市天鹏传媒有限公司,2015010615 
397,杭州慧翔电液技术开发有限公司,20083301002058 
398,杭州仲略电子科技有限公司,2014010473 
399,杭州碧海旅游规划设计有限公司,20153301000441 
400,杭州麦思网络科技有限公司,20153301000547 
401,浙江亿联健医疗器械有限公司,20163301001033 
402,杭州黑岩网络科技有限公司,20163301001802 
403,杭州翰翊科技有限公司,20163301000367 
404,杭州鑫球胶业有限公司,20173301000417 
405,杭州陆恒生物科技有限公司,20183301001378 
406,华夏视联控股有限公司,2015010624 
407,杭州绿聚科技有限公司,20163301001410 
408,浙江理想连线企业管理有限公司,2015010556 
409,杭州深粉象数字科技有限公司,2014010427 
410,杭州腾越生物科技有限公司,2013010753 
411,杭州利康科技有限公司,2015010568 
412,杭州拍淘科技有限公司,20153301000455 
413,杭州宝泉科技开发有限公司,2015010553 
414,杭州安琛博连科技有限公司,2015010438 
415,杭州素然文化创意有限公司,20183301001244 
416,杭州深粉象数字科技有限公司,2015010536 
417,杭州海莱电子科技有限公司,2014010380 
418,杭州辰戌科技有限公司,2015010684 
419,杭州捷成光电科技有限公司,201002015 
420,杭州领带蛙网络科技有限公司,20173301000793 
421,西亚特工业气体科技（杭州）有限公司,2015010587 
422,杭州之山科技有限公司,2013010807 
423,杭州墙蛙科技有限公司,20163301001096 
424,浙江名堂网络科技有限公司,20163301001465 
425,杭州宸岩电子有限公司,2015010551 
426,杭州好牙网络科技有限公司,20183301000049 
427,浙江天搜科技股份有限公司,201201073 
428,杭州乔路飞电子科技有限公司,2014010420 
429,杭州直通电子有限公司,20053301019015 
430,浙江天海管桩有限公司,2014010487 
431,浙江磬基信息技术有限公司,20133301000834 
432,雷科通技术(杭州)有限公司,2015010626 
433,杭州乾禾科技有限公司,2015010573 
434,浙江建科建筑节能科技有限公司,2015010644 
435,杭州淘博工业设计有限公司,2015010423 
436,杭州捷茂微电子有限公司,2013010671 
437,杭州银湖智能信息技术有限公司,2014010462 
438,杭州鸣创电子科技有限公司,20163301001723 
439,杭州合言信息科技有限公司,20173301000787 
440,杭州太始科技有限公司,2015010493 
441,杭州民安生物科技有限公司,20143301000411 
442,杭州联光电子有限公司,2015010666 
443,浙江世纪协和节能科技有限公司,20163301000352 
444,浙江至美环境科技有限公司,200901024 
445,杭州墩城寨科技有限公司,2015010647 
446,杭州单色科技有限公司,20153301000411 
447,杭州三超生物技术有限公司,201201031 
448,杭州因凡特科技有限公司,2015010540 
449,杭州诺顿装饰材料有限公司,2015010675 
450,杭州卡塔科技有限公司,2014010397 
451,杭州创源基业能源科技有限公司,2015010517 
452,杭州佰影数字科技有限公司,20163301001804 
453,杭州盐光科技有限公司,2014010538 
454,杭州盈天科学仪器有限公司,2015010639 
455,杭州中软医疗科技有限公司,20143301000472 
456,杭州魔厨科技有限公司,2015010594 
457,杭州雷力光电科技有限公司,20153301000653 
458,杭州高驰科技有限公司,2015010663 
459,杭州广翔计算机软件有限公司,200501016 
460,杭州圣基建筑特种工程有限公司,20173301001280 
461,杭州顺联科技有限公司,2013010741 
462,浙江航芯源集成电路科技有限公司,20163301000348 
463,杭州微松环境科技有限公司,2013010016 
464,杭州乐藏艺术品有限公司,20183301000024 
465,杭州贝普瑞科技开发有限公司,200604106 
466,杭州测易科技有限公司,2014010498 
467,杭州巨实科技有限公司,20173301001149 
468,杭州百倍云科技有限公司,20173301000571 
469,杭州嗨音网络科技有限公司,2015010477 
470,杭州点阵环境艺术设计有限公司,2014010367 
471,杭州飞越文化传播有限公司,20153301000449 
472,杭州云片网络科技有限公司,20153301000475 
473,杭州纯英节能科技有限公司,2015010640 
474,杭州途淘科技有限公司,20183301000011 
475,杭州浙卓科技有限公司,2015010457 
476,浙江瑞诺泰富科技有限公司,2013010836 
477,杭州明特软件有限公司,2013010704 
478,杭州华途软件有限公司,20133301000951 
479,浙江龙酉源新能源科技有限公司,20173301001168 
480,杭州太仁堂生物科技股份有限公司,20163301001601 
481,杭州普朗克光电科技有限公司,2015010654 
482,杭州携伴网络科技有限公司,20173301001152 
483,杭州鑫顺荣科技有限公司,2015010674 
484,杭州杭空压缩机有限公司,2015010604 
485,杭州零国科技有限公司,2015010655 
486,杭州光场裸眼三维成像技术有限公司,20163301001088 
487,杭州捷岛科学仪器有限公司,2014010509 
488,杭州鑫柏森科技有限公司,20143301000452 
489,杭州青恩科技有限公司,20153301000696 
490,杭州卡塔科技有限公司,2013010685 
491,杭州哲博化工科技有限公司,2014010469 
492,杭州洱海科技有限公司,2013010635 
493,浙江深度能源技术有限公司,2015010591 
494,杭州千乐互动科技有限公司,20163301000380 
495,杭州瑞弗科技有限公司,20123301001044 
496,杭州赛凯生物技术有限公司,2014010525 
497,杭州中港建设工程有限公司,2013010810 
498,杭州火驰智能科技有限公司,2014010507 
499,杭州乐卡麦尔工业设计有限公司,20173301000064 
500,杭州金石互联网金融服务有限公司,20173301001406 
501,杭州莱凡网络科技有限公司,20163301000610 
502,天杭办公耗材（杭州）有限公司,200802114 
503,杭州聿度网络信息服务有限公司,2015010660 
504,杭州智配云信息技术有限公司,2015010486 
505,杭州厚通网络科技有限公司,20143301000383 
506,杭州集文数字科技有限公司,20143301000508 
507,杭州芬玩科技有限公司,2015010492 
508,杭州点度信息技术有限公司,20163301001081 
509,浙江卓安自动化控制设备有限公司,2013010842 
510,杭州北讯信息技术有限公司,20173301001432 
511,杭州蓝昌科技有限公司,20143301000401 
512,浙江悦居智能科技有限公司,20143301000555 
513,杭州欧弟科技有限公司,20173301001164 
514,杭州湘亭科技有限公司,2015010564 
515,杭州仁人环保科技有限公司,20163301000636 
516,杭州铿锵科技有限公司,2014010398 
517,杭州迈的智能科技有限公司,20153301000569 
518,浙江绩丰物联科技股份有限公司,2015010609 
519,杭州轻松办软件有限公司,20173301001277 
520,杭州长桥科技有限公司,2013010356 
521,杭州日耀科技有限公司,2014010422 
522,杭州钛比科技有限公司,2015010537 
523,杭州蔓藤网络科技有限公司,2014010518 
524,杭州蟠龙企业策划有限公司,2014010416 
525,杭州淘维科技有限公司,20153301000550 
526,杭州女娲网络科技有限公司,20173301000530 
527,杭州乐创海洋科技有限公司,2014010405 
528,杭州逸曜信息技术有限公司,2014010460 
529,杭州雷赛微科技有限公司,20153301000439 
530,杭州冠腾网络技术有限公司,20153301000593 
531,杭州好客信息科技有限公司,2014010504 
532,浙江方泰电器有限公司,201001021 
533,浙江威廉姆节能科技有限公司,20153301000543 
534,杭州蕴菌科技有限公司,2014010467 
535,杭州唯她科技有限公司,20163301001429 
536,杭州汇茂科技有限公司,20133301000663 
537,杭州高容科技有限公司,2015010519 
538,杭州同为科技有限公司,200604099 
539,杭州莱科智能科技有限公司,2015010680 
540,杭州易审软件技术有限公司,201201070 
541,浙江齐顺信息技术有限公司,20153301000623 
542,杭州宏创电子商务有限公司,201002020 
543,杭州融汇科技有限公司,200501013 
544,杭州淡伊科技有限公司,20153301000414 
545,杭州律动文化传媒有限公司,20163301001151 
546,杭州图特生物科技有限公司,2014010442 
547,杭州车厘子智能科技有限公司,2013010622 
548,杭州微聊网络科技有限公司,20153301000464 
549,杭州搜影科技有限公司,20153301000468 
550,杭州天科教仪设备有限公司,200901039 
551,杭州迪源电气科技有限公司,20143301000366 
552,杭州清镜文化创意有限公司,20183301000915 
553,杭州千言网络科技有限公司,20153301000494 
554,杭州金马离合器有限公司,20173301000410 
555,杭州勤诚科技有限公司,20153301000670 
556,浙江笃学教育科技有限公司,20183301000994 
557,杭州煜川热能科技有限公司,2014010543 
558,杭州通配信息技术有限公司,2015010570 
559,杭州炬星环保科技有限公司,201201038 
560,杭州湾云计算技术有限公司,2014010445 
561,浙江恒亚环境工程有限公司,2015010599 
562,浙江华人传媒集团有限公司,200901041 
563,杭州问源节能环保技术有限公司,20153301000558 
564,杭州蓝轩环保科技有限公司,2014010516 
565,浙江南方装饰工程有限公司,20163301001473 
566,杭州顺网信息技术有限公司,200701001 
567,杭州艾朴软件有限公司,20143301000491 
568,浙江印加光电科技有限公司,20133301000600 
569,杭州紫光楼宇机电工程有限公司,2015010596 
570,杭州长荣通讯技术有限公司,201201043 
571,杭州齐游信息科技有限公司,2013010715 
572,杭州快充信息技术有限公司,2015010463 
573,杭州东部网络科技有限公司,201201036 
574,杭州泽邦科技有限公司,20173301000436 
575,杭州富纳新材料科技有限公司,20153301000433 
576,尼尔森网联媒介数据服务有限公司,2014010478 
577,杭州跬灵科技有限公司,20143301000400 
578,杭州威仕达智能科技有限公司,2013010765 
579,杭州宏音网络科技有限公司,20163301001741 
580,杭州辉煌时代动画制作有限公司,2013010661 
581,杭州顺应科技有限公司,20173301000578 
582,杭州九聚科技有限公司,2013010679 
583,杭州蓝谷科技有限公司,2015010646 
584,杭州海世嘉生物科技有限公司,20163301000335 
585,杭州吉黄网络科技有限公司,20173301000500 
586,杭州一苇杭科技有限公司,20153301000539 
587,杭州友谦网络科技有限公司,2015010452 
588,杭州中仑科技有限公司,201201071 
589,杭州天鸣生物科技有限公司,20153301000695 
590,杭州腾展科技股份有限公司,20163301001172 
591,杭州传艺家具有限公司,20163301000344 
592,浙江昊h电子科技有限公司,20173301000575 
593,杭州钛狮信息科技有限公司,20163301001101 
594,杭州小野网络科技有限公司,2015010456 
595,杭州朗洲环保工程有限公司,2014010404 
596,杭州华亭科技有限公司,20103301002007 
597,杭州百信机械制造有限公司,201201066 
598,杭州永济水利科技有限公司,20163301001569 
599,杭州云特科技有限公司,2013010800 
600,杭州浙大知能科技有限公司,201201047 
601,浙江海静文化创意有限公司,20183301000925 
602,杭州哲信信息技术有限公司,20143301000470 
603,杭州昊方控制设备有限公司,20133301000019 
604,杭州天变科技有限公司,20143301000438 
605,浙大奔月科技有限公司,201201028 
606,杭州实时数码科技有限公司,20133301000737 
607,杭州信凯实业有限公司,2015010588 
608,杭州力特油剂有限公司,20153301000581 
609,杭州诠新景观设计有限公司,20153301000548 
610,杭州东方网和科技有限公司,2013010628 
611,杭州善文信息科技有限公司,2015010476 
612,杭州凤眼莲网络科技有限公司,20163301001545 
613,杭州蜜惠电子商务有限公司,20173301001148 
614,杭州复杂美科技有限公司,20183301000873 
615,杭州游蜗科技有限公司,20173301000674 
616,杭州西湖阀门厂,2014010449 
617,大金信息机器（杭州）有限公司,200802028 
618,杭州坚铿科技有限公司,2015010603 
619,杭州快智科技有限公司,2014010515 
620,杭州蓝昌科技有限公司,2015010527 
621,杭州斯玛格智能科技有限公司,2013010745 
622,浙江智唐科技有限公司,2014010489 
623,浙江智通消防网络有限公司,200901037 
624,浙江绩丰岩土技术股份有限公司,20173301000540 
625,杭州久益机械有限公司,2014010395 
626,杭州万宇建材工程有限公司,201002029 
627,杭州光海科技有限公司,2014010378 
628,杭州六合福思科技有限公司,20153301000614 
629,杭州清阳科技有限公司,20173301000538 
630,杭州金眼球科技有限公司,20153301000422 
631,杭州路腾科技有限公司,2015010636 
632,杭州亚升品牌设计有限责任公司,20183301001108 
633,杭州奥杰医疗器材有限公司,201001017 
634,杭州世介净化科技有限公司,201201059 
635,杭州畅聚科技有限公司,2014010362 
636,杭州聚能汽车有限公司,2014010512 
637,杭州中港建设工程有限公司,2014010471 
638,杭州黑驰马自动化科技有限公司,20173301000374 
639,杭州固态照明有限公司,2013010645 
640,杭州数品电子商务有限公司,2015010466 
641,杭州欣飞佳智通讯科技有限公司,20163301001764 
642,杭州土创科技有限公司,20173301000555 
643,杭州云哨科技有限公司,2015010554 
644,浙江巍翔科技有限公司,201201056 
645,杭州信使网络科技有限公司,20133301000007 
646,杭州壹到信息科技有限公司,20173301001162 
647,杭州火影网络有限公司,2015010688 
648,杭州安酷拉科技有限公司,2015010635 
649,杭州测易科技有限公司,2015010418 
650,杭州新苗自动化技术有限公司,2015010410 
651,杭州西屋信息科技有限公司,201002021 
652,杭州昂扬石力科技有限公司,20163301001146 
653,杭州艺豆网络科技有限公司,20163301001662 
654,杭州启扬智能科技有限公司,20143301000419 
655,杭州好好开车科技有限公司,2015010499 
656,杭州太阳能技术有限公司,2015010638 
657,杭州尚尚签网络科技有限公司,20163301001508 
658,杭州浙大奥博汽车电器有限公司,20103301002018 
659,杭州番茄动漫设计有限公司,200901042 
660,杭州菜巴巴农业开发有限公司,2015010690 
661,杭州雷博科技有限公司,20173301001296 
662,杭州老底子文化创意有限公司,20183301000882 
663,杭州瑞梦德医药科技有限公司,20143301000524 
664,杭州朱庇特环境科技有限公司,2015010430 
665,杭州鹏威科技有限公司,2014010418 
666,杭州嗨企网络科技有限公司,20183301000532 
667,杭州乐创海洋科技有限公司,2015010417 
668,杭州闻德电气有限公司,20143301000533 
669,杭州瓦屋科技有限公司,20153301000416 
670,杭州庄宸科技有限公司,2013010814 
671,杭州雷讯网络技术有限公司,2014010408 
672,杭州盛唐网络游戏设计游戏设计有限公司,20173301000696 
673,杭州杰信伟力科技有限公司,20143301000391 
674,杭州琪玖生物技术有限公司,2013010716 
675,杭州五感科技有限公司,20183301000997 
676,浙江汽轮成套技术开发有限公司,20163301001737 
677,杭州酷咖机器人科技有限公司,20173301001146 
678,杭州好客信息科技有限公司,2015010523 
679,浙江方大智控科技有限公司,2013010823 
680,杭州乾明科技有限公司,2013010718 
681,杭州陌圈科技有限公司,20173301000733 
682,浙江优诺肯科技有限公司,20153301000667 
683,杭州指安科技有限公司,20133301000012 
684,杭州爱司米医疗器械有限公司,20143301000492 
685,杭州树熊网络有限公司,20143301000528 
686,杭州创业互联科技有限公司,200604107 
687,浙江同人文化体育发展有限公司,20163301001223 
688,杭州莲月网络科技有限公司,2015010616 
689,杭州法莱利化工涂料有限公司,201201064 
690,杭州微球科技有限公司,20153301000509 
691,杭州时科电子商务有限公司,20153301000559 
692,杭州安体科技有限公司,2014010493 
